image,label,mean_brightness,contrast,dark_pixel_ratio,bright_pixel_ratio,min_intensity,max_intensity,median_intensity,edge_count,edge_density
IMG_20180513_164959951_HDR resized_448.jpg,1,122.224609375,31.51348191896166,0.0038464604591836736,0.01092155612244898,23,247,121.0,2620,0.05221619897959184
IMG_20180513_165129852_HDR resized_448.jpg,1,131.94868064413265,24.096113901023777,0.0027901785714285715,0.003786670918367347,8,251,133.0,1106,0.022042410714285716
IMG_20180513_165150613_HDR resized_448.jpg,1,121.29731345663265,29.88427225337966,0.013333067602040817,0.00817123724489796,2,241,121.0,3086,0.06150350765306122
IMG_20180513_165345878_HDR resized_448.jpg,1,130.24559550382654,25.649018316442923,0.0018933354591836734,0.0040058992346938774,20,253,131.0,1794,0.03575414540816327
IMG_20180513_165349788_HDR resized_448.jpg,1,131.2088847257653,26.23759792636469,0.0023716517857142855,0.00625797193877551,11,254,132.0,1953,0.03892299107142857
IMG_20180513_165353081_HDR resized_448.jpg,1,136.15583147321428,27.09233379126488,0.0069355867346938774,0.0087890625,2,252,138.0,2242,0.04468271683673469
IMG_20180513_165451567_HDR resized_448.jpg,1,129.6609733737245,22.965946664472614,0.0012755102040816326,0.006018813775510204,8,251,132.0,701,0.013970822704081632
IMG_20180513_165455803_HDR resized_448.jpg,1,123.45184948979592,22.77440805107427,0.00253109056122449,0.004743303571428571,12,251,125.0,754,0.015027104591836735
IMG_20180513_165500303_HDR resized_448.jpg,1,125.25139508928571,21.030648199963156,0.0013950892857142857,0.0037667410714285715,8,251,127.0,405,0.008071588010204082
IMG_20180513_165512488_HDR resized_448.jpg,1,129.09757653061226,29.65997658937728,0.008051658163265306,0.005719866071428571,10,250,132.0,1540,0.030691964285714284
IMG_20180513_165515651_HDR resized_448.jpg,1,125.27423469387755,25.82775703645604,0.004384566326530612,0.003587372448979592,17,251,126.0,771,0.015365911989795918
IMG_20180513_165521775_HDR resized_448.jpg,1,125.43277662627551,23.909189434951415,0.003049266581632653,0.0024314413265306123,4,251,126.0,463,0.00922751913265306
IMG_20180513_165533492_HDR resized_448.jpg,1,126.51395089285714,23.197386635117308,0.0016143176020408164,0.002311862244897959,19,250,128.0,876,0.017458545918367346
IMG_20180513_165538350_HDR resized_448.jpg,1,123.1390306122449,26.2867757916794,0.0052614795918367345,0.0047831632653061226,4,250,123.0,1342,0.026745854591836735
IMG_20180513_165547907_HDR resized_448.jpg,1,120.52887834821429,22.5075623962391,0.000817123724489796,0.003168845663265306,16,251,119.0,391,0.007792570153061225
IMG_20180513_165706718_HDR resized_448.jpg,1,129.2774433992347,25.83831721703109,0.0021125637755102043,0.0033482142857142855,13,249,131.0,1707,0.0340202487244898
IMG_20180513_165710583_HDR resized_448.jpg,1,130.11401865433675,28.104769048566276,0.006796077806122449,0.004444355867346939,3,252,133.0,2098,0.04181281887755102
IMG_20180513_165717627_HDR resized_448.jpg,1,123.48724489795919,23.912006125056067,0.001096141581632653,0.007274394132653061,14,255,123.0,278,0.0055404974489795915
IMG_20180513_165733359_HDR resized_448.jpg,1,126.67538265306122,23.485516559256414,0.0014150191326530613,0.0024115114795918366,25,248,127.0,1010,0.020129145408163265
IMG_20180513_165741688_HDR resized_448.jpg,1,125.02624760841837,23.148967357749335,0.002072704081632653,0.001913265306122449,16,248,125.0,634,0.012635522959183673
IMG_20180513_165749116_HDR resized_448.jpg,1,128.21518255739795,22.90955628838132,0.0013552295918367347,0.0014947385204081632,17,250,129.0,482,0.009606186224489796
IMG_20180513_170350654_HDR resized_448.jpg,1,129.64148198341837,19.821065402178807,0.0009367028061224489,0.0015146683673469387,3,238,132.0,183,0.0036471619897959183
IMG_20180513_170357440_HDR resized_448.jpg,1,131.06160315688774,18.1997143793127,0.0005580357142857143,0.001016422193877551,19,246,133.0,60,0.0011957908163265306
IMG_20180513_170406108_HDR resized_448.jpg,1,125.75988520408163,20.57870456301669,0.0022122130102040817,0.00528140943877551,9,252,127.0,282,0.005620216836734694
IMG_20180513_170430826_HDR resized_448.jpg,1,126.53360172193878,17.33698637853733,0.0001793686224489796,0.0016143176020408164,24,250,127.0,152,0.0030293367346938774
IMG_20180513_170453882_HDR resized_448.jpg,1,115.35339604591837,18.7734566187437,0.00045838647959183676,0.0020129145408163264,26,249,115.0,186,0.003706951530612245
IMG_20180513_170500983_HDR resized_448.jpg,1,113.11146763392857,17.716946063150854,0.0007174744897959184,0.0011160714285714285,25,251,113.0,151,0.003009406887755102
IMG_20180513_170515937_HDR resized_448.jpg,1,116.50384646045919,19.067373110829898,0.0001992984693877551,0.0015744579081632653,34,248,117.0,279,0.005560427295918368
IMG_20180513_170526931_HDR resized_448.jpg,1,116.30568399234694,19.995365484100088,0.0036870216836734694,0.003587372448979592,1,251,116.0,509,0.010144292091836735
IMG_20180513_170535927_HDR resized_448.jpg,1,111.88504464285714,18.998189936217578,0.002331792091836735,0.002730389030612245,7,253,112.0,351,0.006995376275510204
IMG_20180513_170700279_HDR resized_448.jpg,1,118.3416972257653,20.67867291615945,0.0008769132653061224,0.0014548788265306123,25,248,118.0,912,0.018176020408163265
IMG_20180513_170710091_HDR resized_448.jpg,1,119.41189014668367,25.407603709487056,0.0048828125,0.002610809948979592,5,245,120.0,1908,0.03802614795918367
IMG_20180513_170718753_HDR resized_448.jpg,1,120.2549824617347,26.11763874814091,0.00470344387755102,0.0015943877551020409,7,251,121.0,1845,0.03677056760204082
IMG_20180513_170728853_HDR resized_448.jpg,1,119.97251674107143,22.800217330704687,0.0038066007653061226,0.001753826530612245,7,250,121.0,693,0.013811383928571428
IMG_20180513_170746398_HDR resized_448.jpg,1,124.19134646045919,23.982061367432628,0.0022122130102040817,0.001753826530612245,21,250,125.0,534,0.010642538265306123
IMG_20180513_170844630_HDR resized_448.jpg,1,110.4778977997449,37.72926501786991,0.04292889030612245,0.004384566326530612,12,253,110.0,11511,0.2294124681122449
IMG_20180514_164920326_HDR resized_448.jpg,1,117.44060905612245,24.53717107104784,0.005859375,0.003009406887755102,15,249,117.0,786,0.015664859693877552
IMG_20180514_164936208_HDR resized_448.jpg,1,125.33543925382654,30.025949801296917,0.008888711734693877,0.00839046556122449,12,254,126.0,2292,0.04567920918367347
IMG_20180514_164944000_HDR resized_448.jpg,1,132.73573022959184,32.487091414202894,0.01819595025510204,0.009885204081632654,1,249,137.0,3251,0.06479193239795919
IMG_20180514_164949995_HDR resized_448.jpg,1,126.97973134566327,29.977722910687657,0.01167889030612245,0.007393973214285714,6,248,129.0,2102,0.041892538265306124
IMG_20180514_164955695_HDR resized_448.jpg,1,122.89823820153062,35.56604401688304,0.023557079081632654,0.017020089285714284,2,252,125.0,5665,0.11290258290816327
IMG_20180514_165008040_HDR resized_448.jpg,1,113.36094945790816,27.389361682555993,0.013073979591836735,0.006955516581632653,8,254,113.0,1919,0.0382453762755102
IMG_20180514_165031728_HDR resized_448.jpg,1,117.58350605867346,29.407273070704832,0.010104432397959183,0.0047831632653061226,7,249,117.0,2100,0.04185267857142857
IMG_20180514_165039112_HDR resized_448.jpg,1,114.8188775510204,29.18300189550358,0.0087890625,0.006716358418367347,8,251,113.0,2570,0.05121970663265306
IMG_20180514_165050302_HDR resized_448.jpg,1,126.45509805484694,32.879847319778634,0.015625,0.012476084183673469,4,253,127.0,5331,0.10624601403061225
IMG_20180514_165115894_HDR resized_448.jpg,1,118.88883131377551,33.5353410418563,0.017538265306122448,0.013811383928571428,1,253,117.0,3770,0.07513552295918367
IMG_20180514_165152754_HDR resized_448.jpg,1,122.9775390625,28.5058272014905,0.007872289540816327,0.007393973214285714,6,250,123.0,1582,0.031529017857142856
IMG_20180514_165211442_HDR resized_448.jpg,1,126.6108099489796,34.6742591411019,0.01420998086734694,0.01953125,3,252,127.0,4631,0.09229512117346939
IMG_20180514_165217078_HDR resized_448.jpg,1,124.89042570153062,32.43219709382651,0.014090401785714286,0.010981345663265306,3,254,125.0,3558,0.07091039540816327
IMG_20180514_165228668_HDR resized_448.jpg,1,136.8594347895408,31.593697198618365,0.011260363520408163,0.0244937818877551,2,254,137.0,4565,0.09097975127551021
IMG_20180514_165245540_HDR resized_448.jpg,1,132.2194674744898,30.498071391175092,0.010084502551020409,0.017996651785714284,2,254,132.0,4738,0.09442761479591837
IMG_20180514_165251954_HDR resized_448.jpg,1,130.71235251913265,27.612632207524626,0.009167729591836735,0.011858258928571428,3,253,130.0,2692,0.05365114795918367
IMG_20180514_165259100 resized_448.jpg,1,136.82097018494898,30.183110253823337,0.005121970663265306,0.027323820153061226,14,254,136.0,5272,0.10507015306122448
IMG_20180514_165302026_HDR resized_448.jpg,1,130.23377710459184,29.102404917632814,0.008689413265306123,0.015525350765306123,2,254,129.0,4165,0.0830078125
IMG_20180514_165307482_HDR resized_448.jpg,1,128.23158482142858,27.893780631796215,0.0062380420918367345,0.011240433673469387,4,254,127.0,3684,0.07342155612244898
IMG_20180514_165340357_HDR resized_448.jpg,1,130.45288584183675,28.76011655906134,0.007174744897959184,0.01211734693877551,8,254,129.0,3288,0.06552933673469388
IMG_20180514_165358823_HDR resized_448.jpg,1,131.09624123086735,35.7964630042411,0.013990752551020409,0.03495695153061224,2,253,129.0,9053,0.1804249043367347
IMG_20180514_165411841_HDR resized_448.jpg,1,129.9002311862245,37.35963114336773,0.015644929846938774,0.03854432397959184,3,253,128.0,10542,0.21010044642857142
IMG_20180514_165427375_HDR resized_448.jpg,1,134.51139987244898,31.073252550397186,0.0078125,0.02072704081632653,5,252,134.0,5335,0.10632573341836735
IMG_20180514_165444055_HDR resized_448.jpg,1,133.8893893494898,27.523296497792963,0.003208705357142857,0.01092155612244898,15,253,134.0,2729,0.054388552295918366
IMG_20180514_165457873_HDR resized_448.jpg,1,133.13253348214286,33.303179051554324,0.011220503826530613,0.024374202806122448,4,253,132.0,6131,0.12218989158163265
IMG_20180514_165505511_HDR resized_448.jpg,1,131.9943399234694,34.34145754281644,0.014329559948979591,0.0223812181122449,7,246,132.0,7011,0.1397281568877551
IMG_20180514_165529728_HDR resized_448.jpg,1,125.85714285714286,28.509516486488636,0.006696428571428571,0.012715242346938776,7,253,123.0,2963,0.05905213647959184
IMG_20180514_165535720_HDR resized_448.jpg,1,126.25312898596938,26.66208224499084,0.003248565051020408,0.008888711734693877,14,253,124.0,1886,0.037587691326530615
IMG_20180514_165710828_HDR resized_448.jpg,1,132.57443797831633,33.41800880696796,0.012615593112244899,0.021324936224489797,1,254,133.0,7732,0.15409757653061223
IMG_20180514_165717791_HDR resized_448.jpg,1,138.55988919005102,32.2163971584999,0.012276785714285714,0.025271045918367346,1,253,139.0,5838,0.11635044642857142
IMG_20180514_165724162_HDR resized_448.jpg,1,136.87946428571428,33.73107433033102,0.014807876275510204,0.027224170918367346,3,251,138.0,7256,0.1446109693877551
IMG_20180514_165731332_HDR resized_448.jpg,1,140.86248405612244,37.732739483186165,0.01833545918367347,0.057736766581632654,1,255,141.0,11051,0.22024473852040816
IMG_20180514_165740460_HDR resized_448.jpg,1,129.0145487882653,30.901367589173613,0.007573341836734694,0.018494897959183673,2,254,127.0,5798,0.1155532525510204
IMG_20180514_165746314_HDR resized_448.jpg,1,138.8327487244898,34.72607549697424,0.014309630102040817,0.04037786989795918,1,254,138.0,8359,0.1665935905612245
IMG_20180514_165751038_HDR resized_448.jpg,1,139.6339883609694,33.39173186017275,0.016222895408163265,0.03236607142857143,1,252,140.0,6643,0.13239397321428573
IMG_20180514_165757436_HDR resized_448.jpg,1,141.0000996492347,32.97945891928326,0.01273517219387755,0.038384885204081634,1,252,141.0,6453,0.12860730229591838
IMG_20180514_165811955_HDR resized_448.jpg,1,135.86710778061226,36.199318534498794,0.017697704081632654,0.03734853316326531,1,253,137.0,9131,0.1819794323979592
IMG_20180514_165823466_HDR resized_448.jpg,1,142.0390027104592,39.04537447854681,0.022700095663265307,0.0628188775510204,1,254,144.0,9966,0.19862085459183673
IMG_20180514_165831579_HDR resized_448.jpg,1,138.65878109056123,32.70955699185706,0.014090401785714286,0.023278061224489797,2,247,141.0,6573,0.13099888392857142
IMG_20180514_165837194_HDR resized_448.jpg,1,140.67524314413265,33.901739004160994,0.016721141581632654,0.029017857142857144,2,250,144.0,6033,0.12023676658163265
IMG_20180514_165847101_HDR resized_448.jpg,1,139.86367984693877,34.191801244806314,0.018594547193877552,0.027323820153061226,1,253,143.0,5698,0.11356026785714286
IMG_20180514_170008541_HDR resized_448.jpg,1,143.81026785714286,34.0643247937302,0.020448022959183673,0.04450334821428571,0,253,144.0,5533,0.1102718431122449
IMG_20180514_170015428_HDR resized_448.jpg,1,140.9025031887755,36.78289069152059,0.027802136479591837,0.04314811862244898,0,253,143.0,6415,0.1278499681122449
IMG_20180514_170026184_HDR resized_448.jpg,1,132.11714764030611,30.52078837321732,0.011878188775510204,0.019551179846938774,1,250,131.0,4987,0.09939014668367346
IMG_20180514_170032562_HDR resized_448.jpg,1,123.90106823979592,31.24624623588174,0.007533482142857143,0.018395248724489797,2,254,120.0,6074,0.12105389030612244
IMG_20180514_170039467_HDR resized_448.jpg,1,123.33454241071429,30.33957027211084,0.009885204081632654,0.01211734693877551,3,254,120.0,5173,0.10309709821428571
IMG_20180514_170051550_HDR resized_448.jpg,1,146.0706114477041,35.04225674987583,0.018714126275510203,0.056321747448979595,2,253,146.0,5827,0.1161312181122449
IMG_20180514_170055705_HDR resized_448.jpg,1,136.63494499362244,30.171380260956695,0.012535873724489796,0.022401147959183673,1,252,135.0,3782,0.07537468112244898
IMG_20180514_170100812_HDR resized_448.jpg,1,136.9149394132653,30.818953509754028,0.012416294642857142,0.023098692602040817,2,250,136.0,4301,0.08571827168367346
IMG_20180514_170105907_HDR resized_448.jpg,1,130.6857461734694,31.196542556695196,0.008450255102040817,0.018973214285714284,5,252,129.0,6349,0.12653459821428573
IMG_20180514_170122537_HDR resized_448.jpg,1,134.53176817602042,32.55998847053481,0.011061065051020409,0.03053252551020408,2,253,133.0,7081,0.14112324617346939
IMG_20180514_170137161_HDR resized_448.jpg,1,123.61256377551021,33.07896307544181,0.01128029336734694,0.019252232142857144,2,254,121.0,7289,0.1452686543367347
IMG_20180514_170144972_HDR resized_448.jpg,1,120.8002630739796,29.149623988887868,0.004962531887755102,0.011041135204081632,4,251,116.0,5034,0.10032684948979592
IMG_20180514_170158322_HDR resized_448.jpg,1,130.25994499362244,33.86852373607019,0.011120854591836735,0.024473852040816327,2,248,129.0,7025,0.14000717474489796
IMG_20180514_170217038_HDR resized_448.jpg,1,121.99485809948979,27.526672287234764,0.005022321428571429,0.00914779974489796,4,248,118.0,3942,0.07856345663265306
IMG_20180514_170355485_HDR resized_448.jpg,1,135.26468829719389,39.43207155090105,0.023895886479591837,0.04641661352040816,1,254,136.0,9802,0.19535235969387754
IMG_20180514_170400947 resized_448.jpg,1,130.49954161352042,47.633756608141425,0.05668048469387755,0.07716836734693877,1,254,131.0,11484,0.22887436224489796
IMG_20180514_170411390_HDR resized_448.jpg,1,141.7011120854592,38.87714712933971,0.023895886479591837,0.056939572704081634,1,253,143.0,8520,0.16980229591836735
IMG_20180514_170416728_HDR resized_448.jpg,1,143.77590880102042,37.21797390085938,0.022122130102040817,0.049525669642857144,1,254,147.0,7624,0.1519451530612245
IMG_20180514_170423229_HDR resized_448.jpg,1,144.45519770408163,39.95543278236026,0.02853954081632653,0.060447225765306124,0,254,148.0,7436,0.1481983418367347
IMG_20180514_170638485_HDR resized_448.jpg,1,131.93710140306123,29.93956480806969,0.005799585459183673,0.01331313775510204,2,253,131.0,2565,0.05112005739795918
IMG_20180514_170646586_HDR resized_448.jpg,1,132.37137276785714,24.85778821379911,0.0009367028061224489,0.005121970663265306,26,253,131.0,1137,0.022660235969387755
IMG_20180514_170703597_HDR resized_448.jpg,1,129.73712531887756,27.959077139250418,0.0016940369897959183,0.002889827806122449,19,254,129.0,2823,0.05626195790816327
IMG_20180514_170708710_HDR (1) resized_448.jpg,1,134.41844706632654,28.085134120345316,0.001096141581632653,0.00448421556122449,33,248,135.0,2812,0.05604272959183673
IMG_20180514_170708710_HDR resized_448.jpg,1,134.41844706632654,28.085134120345316,0.001096141581632653,0.00448421556122449,33,248,135.0,2812,0.05604272959183673
IMG_8404 resized_448.jpg,1,172.41165098852042,22.961413928425152,0.0,0.11387914540816327,72,251,172.0,684,0.01363201530612245
IMG_8405 resized_448.jpg,1,127.68672273596938,18.584135952733128,0.0,0.001096141581632653,62,236,127.0,238,0.004743303571428571
IMG_8406 resized_448.jpg,1,128.39066485969389,17.633293494113435,0.0,0.0009566326530612245,50,231,127.0,120,0.0023915816326530613
IMG_8407 resized_448.jpg,1,129.34357063137756,21.273436855165027,0.0,0.0010363520408163266,57,236,129.0,374,0.007453762755102041
IMG_8412 resized_448.jpg,1,149.20754942602042,31.884370677753246,0.0,0.06367586096938775,58,249,148.0,4463,0.0889469068877551
IMG_8413 resized_448.jpg,1,151.37155213647958,33.79215118477701,0.0,0.0790218431122449,55,250,151.0,5887,0.11732700892857142
IMG_8414 resized_448.jpg,1,154.91984215561226,30.62247607947209,0.0,0.07403938137755102,66,252,154.0,2051,0.04087611607142857
IMG_8415 resized_448.jpg,1,153.1299426020408,35.36902836571809,0.0,0.09546396683673469,52,252,154.0,8650,0.17239317602040816
IMG_8416 resized_448.jpg,1,149.29203204719389,32.55282753195955,0.0,0.06399473852040816,55,250,149.0,4767,0.09500558035714286
IMG_8417 resized_448.jpg,1,137.1445910395408,43.72163666784105,0.016402264030612245,0.07802535076530612,28,253,137.0,8442,0.16824776785714285
IMG_8418 resized_448.jpg,1,137.80516581632654,41.78388973166224,0.012097417091836735,0.0677016900510204,30,253,138.0,4739,0.09444754464285714
IMG_8419 resized_448.jpg,1,130.53041294642858,45.65040519400314,0.0340202487244898,0.06517059948979592,26,254,131.0,11134,0.22189891581632654
IMG_8423 resized_448.jpg,1,133.53322305484693,15.120584230309076,0.0,0.0004982461734693878,64,247,133.0,36,0.0007174744897959184
IMG_8424 resized_448.jpg,1,183.2089245854592,15.243758945022984,0.0,0.12025669642857142,115,251,184.0,0,0.0
IMG_8426 resized_448.jpg,1,172.22688137755102,27.205700416863987,0.0,0.15037069515306123,57,255,172.0,1467,0.029237085459183673
IMG_8428 resized_448.jpg,1,168.51811623086735,27.785477418034365,0.0,0.12089445153061225,50,254,170.0,2475,0.049326371173469385
IMG_8429 resized_448.jpg,1,123.79067681760205,54.23811912868855,0.1200374681122449,0.0813735650510204,20,254,126.0,15686,0.3126195790816326
IMG_8430 resized_448.jpg,1,128.60293765943877,53.301347526103626,0.09817442602040816,0.0878109056122449,23,251,133.0,15046,0.2998644770408163
IMG_8431 resized_448.jpg,1,131.21297034438774,51.64449537213144,0.08940529336734694,0.07635124362244898,18,253,138.0,13035,0.25978555484693877
IMG_8432 resized_448.jpg,1,149.0814134247449,43.57291109756452,0.0024115114795918366,0.12167171556122448,35,252,153.0,8909,0.17755500637755103
IMG_8433 resized_448.jpg,1,146.51743861607142,40.52793908017031,0.0012356505102040817,0.09060108418367346,41,253,149.0,10606,0.21137595663265307
IMG_8434 resized_448.jpg,1,150.7135084502551,40.3620702299673,0.0011160714285714285,0.11017219387755102,40,253,153.0,10374,0.20675223214285715
IMG_8435 resized_448.jpg,1,147.81112484056123,40.14938797036401,0.0006178252551020409,0.09512515943877552,39,254,150.0,9907,0.19744499362244897
IMG_8436 resized_448.jpg,1,144.2292928890306,42.49686151595184,0.005221619897959184,0.10016741071428571,26,255,145.0,10142,0.20212850765306123
IMG_8437 resized_448.jpg,1,141.0101243622449,41.643770008645994,0.00528140943877551,0.0848812181122449,33,254,140.0,8863,0.17663823341836735
IMG_8438 resized_448.jpg,1,139.96115672831633,46.09459016323191,0.02365672831632653,0.09681919642857142,18,253,142.0,11748,0.2341358418367347
IMG_8439 resized_448.jpg,1,146.01199776785714,43.145831254601006,0.006477200255102041,0.11033163265306123,33,253,148.0,10827,0.21578045280612246
IMG_8440 resized_448.jpg,1,145.55363121811226,44.72476006547584,0.009546396683673469,0.11443718112244898,34,252,148.0,11922,0.23760363520408162
IMG_8441 resized_448.jpg,1,128.39289700255102,48.78832310002285,0.0712890625,0.0643734056122449,16,250,131.0,14340,0.28579400510204084
IMG_8442 resized_448.jpg,1,143.4872448979592,46.51197133313763,0.022022480867346938,0.11358019770408163,23,253,146.0,13583,0.27070711096938777
IMG_8443 resized_448.jpg,1,134.26363201530611,46.90788869090749,0.03437898596938776,0.08067602040816327,18,252,137.0,13933,0.27768255739795916
IMG_8444 resized_448.jpg,1,153.96320950255102,41.44913717643628,0.00027901785714285713,0.13396843112244897,47,254,157.0,12942,0.2579320790816326
IMG_8445 resized_448.jpg,1,150.1318957270408,42.36935180221238,0.0004185267857142857,0.11852279974489796,42,253,154.0,12532,0.2497608418367347
IMG_8446 resized_448.jpg,1,154.6837930484694,42.375252340625195,0.00023915816326530612,0.14893574617346939,41,253,158.0,11492,0.22903380102040816
IMG_8447 resized_448.jpg,1,146.1964485012755,43.50241914288837,0.0014548788265306123,0.10993303571428571,33,253,149.0,10025,0.1997967155612245
IMG_8449 resized_448.jpg,1,124.97606425382654,43.6403487078069,0.0007971938775510204,0.07467713647959184,40,254,115.0,3963,0.07898198341836735
IMG_8453 resized_448.jpg,1,154.5842833227041,38.70958062252838,3.985969387755102e-05,0.11758609693877552,31,252,158.0,11352,0.22624362244897958
IMG_8455 resized_448.jpg,1,152.12380420918367,39.602030368609356,0.00027901785714285713,0.11144770408163265,37,252,156.0,12018,0.23951690051020408
IMG_8456 resized_448.jpg,1,154.87077487244898,40.53601471536348,0.00025908801020408165,0.1366589604591837,43,253,159.0,11832,0.23580994897959184
IMG_8462 resized_448.jpg,1,131.60006776147958,21.033620154719216,0.0001992984693877551,0.0003587372448979592,36,219,132.0,176,0.00350765306122449
IMG_8463 resized_448.jpg,1,170.8602917729592,25.893324597584776,1.992984693877551e-05,0.1302814094387755,47,250,172.0,1220,0.02431441326530612
IMG_8464 resized_448.jpg,1,172.77957589285714,23.271278814823994,0.0,0.11890146683673469,62,241,173.0,411,0.008191167091836735
IMG_8465 resized_448.jpg,1,173.5335020727041,26.228985029397325,0.0,0.15623007015306123,53,247,175.0,1616,0.03220663265306122
IMG_8466 resized_448.jpg,1,171.06427375637756,25.338330750157837,0.0,0.12163185586734694,57,241,172.0,1382,0.027543048469387755
IMG_8467 resized_448.jpg,1,173.07387994260205,23.687684732471187,0.0,0.12083466198979592,60,243,174.0,659,0.01313376913265306
IMG_8468 resized_448.jpg,1,164.58334661989795,37.968563251313746,0.0002192283163265306,0.17175542091836735,39,248,172.0,2623,0.05227598852040816
IMG_8469 resized_448.jpg,1,169.12781010841837,18.899889485920614,0.0,0.0400390625,66,239,170.0,28,0.0005580357142857143
IMG_8470 resized_448.jpg,1,170.49601403061226,25.58920518364972,0.0,0.12063536352040816,63,242,172.0,1433,0.028559470663265307
IMG_8471 resized_448.jpg,1,171.5224609375,25.591258696169007,0.0,0.13127790178571427,61,246,173.0,1518,0.030253507653061226
IMG_8472 resized_448.jpg,1,170.86356026785714,26.125139578584324,0.0,0.13155691964285715,58,246,172.0,1966,0.039182079081632654
IMG_8473 resized_448.jpg,1,170.08942522321428,27.885157098147783,0.0,0.14582669005102042,60,247,171.0,3299,0.0657485650510204
IMG_8474 resized_448.jpg,1,135.09992825255102,18.067297399624685,0.0,0.0024115114795918366,51,250,135.0,337,0.006716358418367347
IMG_8475 resized_448.jpg,1,177.66388313137756,23.147080945252828,0.0,0.15202487244897958,66,253,179.0,1202,0.023955676020408163
IMG_8476 resized_448.jpg,1,176.9562141262755,23.93427887125081,0.0,0.15626992984693877,71,252,178.0,1533,0.030552455357142856
IMG_8477 resized_448.jpg,1,180.6799465880102,20.37205029740137,0.0,0.15866151147959184,77,254,182.0,465,0.009267378826530613
IMG_8478 resized_448.jpg,1,189.8212292729592,18.459240266902505,0.0,0.27931680484693877,86,254,191.0,424,0.008450255102040817
IMG_8479 resized_448.jpg,1,181.39973294005102,22.72116604069501,0.0,0.19387755102040816,69,255,182.0,1290,0.02570950255102041
IMG_8480 resized_448.jpg,1,187.78461814413265,20.30667762328969,0.0,0.26552535076530615,89,254,189.0,956,0.01905293367346939
IMG_8481 resized_448.jpg,1,182.11922034438774,22.29539590162046,0.0,0.20461973852040816,84,253,183.0,1134,0.022600446428571428
IMG_8483 resized_448.jpg,1,181.01323341836735,23.81385465248752,0.0,0.21259167729591838,86,253,183.0,1953,0.03892299107142857
IMG_8484 resized_448.jpg,1,181.9961933992347,24.59602428712829,0.0,0.2335578762755102,79,254,184.0,2096,0.04177295918367347
IMG_8485 resized_448.jpg,1,183.69569116709184,24.11743022416842,0.0,0.2552016900510204,75,254,185.0,1871,0.03728874362244898
IMG_8486 resized_448.jpg,1,175.8571627869898,23.103060851605303,0.0,0.14064492984693877,78,254,177.0,1405,0.02800143494897959
IMG_8487 resized_448.jpg,1,172.3065808354592,24.76980148787485,0.0,0.12470105229591837,67,254,173.0,1909,0.03804607780612245
IMG_8488 resized_448.jpg,1,183.39885602678572,22.23563185041047,0.0,0.2281768176020408,85,253,184.0,1181,0.02353714923469388
IMG_8489 resized_448.jpg,1,172.0957629145408,24.032365365160288,0.0,0.11706792091836735,70,254,173.0,1826,0.03639190051020408
IMG_8490 resized_448.jpg,1,177.60764110331633,22.908591925135134,0.0,0.16127232142857142,66,251,178.0,1182,0.023557079081632654
IMG_8491 resized_448.jpg,1,185.43263711734693,18.636867620150664,0.0,0.20896444515306123,86,254,187.0,213,0.004245057397959184
IMG_8493 resized_448.jpg,1,181.62472098214286,23.04139235464947,0.0,0.21149553571428573,81,254,183.0,1773,0.03533561862244898
IMG_8504 resized_448.jpg,1,132.84765625,18.8074838876139,0.0,0.003009406887755102,55,253,131.0,95,0.0018933354591836734
IMG_8505 resized_448.jpg,1,175.68470982142858,20.1225657422774,0.0,0.10941485969387756,69,253,174.0,396,0.007892219387755101
IMG_8506 resized_448.jpg,1,170.59420838647958,20.63334260240653,0.0,0.08310746173469388,75,254,169.0,397,0.007912149234693877
IMG_8507 resized_448.jpg,1,174.84018255739795,24.351943824816736,0.0,0.14088408801020408,57,255,174.0,1446,0.02881855867346939
IMG_8508 resized_448.jpg,1,169.13924984056123,26.322172126995508,1.992984693877551e-05,0.12310666454081633,46,254,168.0,2704,0.05389030612244898
IMG_8509 resized_448.jpg,1,168.99744897959184,23.61587465886049,0.00013950892857142856,0.09084024234693877,40,254,169.0,722,0.014389349489795918
IMG_8510 resized_448.jpg,1,170.74075255102042,24.658022034327928,9.964923469387755e-05,0.1075015943877551,45,253,171.0,1117,0.022261639030612245
IMG_8511 resized_448.jpg,1,167.40025111607142,28.55689388839431,0.00023915816326530612,0.1251594387755102,40,254,167.0,3628,0.07230548469387756
IMG_8512 resized_448.jpg,1,171.6468431122449,28.977468478929023,0.0006776147959183673,0.1585419323979592,36,254,171.0,3692,0.07358099489795919
IMG_8513 resized_448.jpg,1,167.7224968112245,28.88138031290556,0.0003985969387755102,0.12649473852040816,40,254,168.0,3842,0.07657047193877552
IMG_8514 resized_448.jpg,1,162.19652822066325,34.10347278169781,0.003667091836734694,0.12691326530612246,30,254,163.0,7631,0.15208466198979592
IMG_8515 resized_448.jpg,1,156.64923469387756,37.41797857431339,0.008510044642857142,0.11369977678571429,23,253,159.0,9019,0.1797472895408163
IMG_8516 resized_448.jpg,1,172.0877311862245,33.35055445966416,0.0020527742346938774,0.18582589285714285,32,254,174.0,5800,0.11559311224489796
IMG_8517 resized_448.jpg,1,124.00773278061224,28.618673619595306,0.0011160714285714285,0.018853635204081634,28,253,119.0,4410,0.087890625
IMG_8518 resized_448.jpg,1,181.7597058354592,29.067530208900703,0.0,0.24192841198979592,72,255,178.0,4720,0.0940688775510204
IMG_8519 resized_448.jpg,1,165.5201490752551,28.69893897272466,0.0,0.12322624362244898,59,255,162.0,3569,0.07112962372448979
IMG_8520 resized_448.jpg,1,174.18949298469389,27.678053818857425,0.0,0.1683673469387755,58,254,171.0,3183,0.06343670280612244
IMG_8521 resized_448.jpg,1,159.12970344387756,31.409759325836173,0.0,0.12067522321428571,50,255,154.0,6004,0.11965880102040816
IMG_8522 resized_448.jpg,1,162.94363839285714,31.635785362858506,0.0018933354591836734,0.12890625,24,254,160.0,6216,0.12388392857142858
IMG_8523 resized_448.jpg,1,160.9783561862245,31.32874660460794,0.0021125637755102043,0.11754623724489796,22,253,158.0,5788,0.11535395408163265
IMG_8524 resized_448.jpg,1,166.12727200255102,32.490365784362176,0.0007971938775510204,0.15254304846938777,32,254,164.0,5879,0.11716757015306123
IMG_8525 resized_448.jpg,1,171.9796516262755,31.966934941189592,0.0006178252551020409,0.18674266581632654,35,254,170.0,5684,0.11328125
IMG_8526 resized_448.jpg,1,173.12671396683675,31.184623052642536,0.00033880739795918367,0.19188456632653061,35,255,171.0,5200,0.10363520408163265
IMG_8527 resized_448.jpg,1,165.8029336734694,30.176099264815335,0.00015943877551020407,0.13366948341836735,36,254,164.0,4838,0.09642059948979592
IMG_8528 resized_448.jpg,1,162.40395806760205,32.25349979215635,0.0005779655612244898,0.12860730229591838,33,253,160.0,6102,0.12161192602040816
IMG_8529 resized_448.jpg,1,172.43132174744898,24.463493590026328,0.00015943877551020407,0.11322146045918367,44,253,172.0,2328,0.046396683673469385
IMG_8530 resized_448.jpg,1,155.05554448341837,30.8310075142672,0.0022520727040816328,0.08282844387755102,32,255,152.0,5353,0.10668447066326531
IMG_8531 resized_448.jpg,1,171.6806640625,30.8731952165908,0.0012157206632653062,0.16169084821428573,31,254,172.0,4162,0.08294802295918367
IMG_8532 resized_448.jpg,1,163.89650430484693,31.35320189438577,0.0006178252551020409,0.11694834183673469,38,253,164.0,4514,0.08996332908163265
IMG_8533 resized_448.jpg,1,171.07250478316325,30.362274457161977,0.0004185267857142857,0.15361926020408162,41,254,172.0,3994,0.07959980867346939
IMG_20180705_130729936 resized_448.jpg,0,157.35797991071428,15.472834291792829,0.0,0.003946109693877551,82,240,157.0,7,0.00013950892857142856
IMG_20180705_130731751 resized_448.jpg,0,157.84723772321428,16.719629171255303,0.0,0.01700015943877551,85,247,157.0,9,0.0001793686224489796
IMG_20180705_130732496 resized_448.jpg,0,159.89973294005102,14.94493410535399,0.0,0.004544005102040816,88,254,160.0,7,0.00013950892857142856
IMG_20180705_130732993 resized_448.jpg,0,160.14275749362244,14.682978317815259,0.0,0.0052016900510204085,101,250,160.0,12,0.00023915816326530612
IMG_20180705_130733329 resized_448.jpg,0,166.23718510841837,19.595236645352227,0.0,0.05953045280612245,108,254,164.0,0,0.0
IMG_20180705_130733660 resized_448.jpg,0,167.3933553890306,18.987191986079377,0.0,0.0517578125,101,253,166.0,56,0.0011160714285714285
IMG_20180705_130733991 resized_448.jpg,0,159.59675940688774,16.26203699170955,0.0,0.01580436862244898,89,249,159.0,79,0.0015744579081632653
IMG_20180705_130734324 resized_448.jpg,0,159.322265625,17.255031387859745,0.0,0.0243343431122449,63,252,158.0,0,0.0
IMG_20180705_130734659 resized_448.jpg,0,153.84327168367346,14.862657459050368,0.0,0.0017737563775510204,91,251,154.0,0,0.0
IMG_20180705_130734991 resized_448.jpg,0,152.96853077168367,15.192874897990357,0.0,0.001953125,94,240,153.0,12,0.00023915816326530612
IMG_20180705_130735324 resized_448.jpg,0,153.34608179209184,15.00629205411302,0.0,0.0020129145408163264,90,244,153.0,13,0.00025908801020408165
IMG_20180705_130735657 resized_448.jpg,0,154.05147879464286,14.725291988157934,0.0,0.002232142857142857,93,252,154.0,0,0.0
IMG_20180705_130735989 resized_448.jpg,0,155.44359853316325,16.303294170997138,0.0,0.01175860969387755,91,248,155.0,6,0.00011957908163265306
IMG_20180705_130736323 resized_448.jpg,0,155.33328683035714,15.834296859600213,0.0,0.00546077806122449,88,246,155.0,13,0.00025908801020408165
IMG_20180705_130736655 resized_448.jpg,0,152.78091119260205,15.614616803078228,0.0,0.0026705994897959183,81,238,153.0,0,0.0
IMG_20180705_130736987 resized_448.jpg,0,150.18243781887756,15.32742788349943,0.0,0.0014349489795918368,56,230,150.0,0,0.0
IMG_20180705_130737319 resized_448.jpg,0,147.92823262117346,15.562195568638465,0.0,0.0013950892857142857,78,233,148.0,0,0.0
IMG_20180705_130737652 resized_448.jpg,0,148.546875,15.574856881927944,0.0,0.0014349489795918368,71,239,148.0,0,0.0
IMG_20180705_130737985 resized_448.jpg,0,151.09245455994898,15.669524637893739,0.0,0.0022520727040816328,76,229,151.0,0,0.0
IMG_20180705_130738321 resized_448.jpg,0,150.2258848852041,15.254959974538076,0.0,0.0012755102040816326,65,234,150.0,0,0.0
IMG_20180705_130738655 resized_448.jpg,0,151.82557397959184,15.295436024872112,0.0,0.0014548788265306123,79,234,152.0,11,0.0002192283163265306
IMG_20180705_130738987 resized_448.jpg,0,154.0115194515306,15.027074405806493,0.0,0.002232142857142857,83,240,154.0,13,0.00025908801020408165
IMG_20180705_130739321 resized_448.jpg,0,155.55859375,15.527468392517314,0.0,0.004264987244897959,84,250,155.0,17,0.00033880739795918367
IMG_20180705_130739654 resized_448.jpg,0,156.70992107780611,15.442941197265991,0.0,0.004404496173469388,90,243,156.0,10,0.0001992984693877551
IMG_20180705_130739987 resized_448.jpg,0,155.81776147959184,14.885295385497601,0.0,0.0031887755102040817,79,249,156.0,0,0.0
IMG_20180705_130740323 resized_448.jpg,0,156.4453722895408,15.17398845297119,0.0,0.003706951530612245,78,253,157.0,14,0.00027901785714285713
IMG_20180705_130740656 resized_448.jpg,0,157.1963887117347,16.124134054645182,0.0,0.008529974489795918,92,235,157.0,12,0.00023915816326530612
IMG_20180705_130740989 resized_448.jpg,0,158.75243144132654,16.487449510995745,0.0,0.010144292091836735,79,241,159.0,45,0.000896843112244898
IMG_20180705_130741322 resized_448.jpg,0,167.22873485331633,23.555541102323588,0.0,0.06592793367346939,85,255,164.0,88,0.001753826530612245
IMG_20180705_130741655 resized_448.jpg,0,158.87954400510205,14.659365669526256,0.0,0.0037268813775510204,81,246,159.0,14,0.00027901785714285713
IMG_20180705_130741989 resized_448.jpg,0,162.97026466836735,17.827289574277824,0.0,0.033502072704081634,91,252,162.0,14,0.00027901785714285713
IMG_20180705_130742323 resized_448.jpg,0,160.27562978316325,15.45432552579786,0.0,0.007553411989795918,87,252,160.0,24,0.00047831632653061223
IMG_20180705_130742655 resized_448.jpg,0,166.45942283163265,23.09351370357228,0.0,0.07380022321428571,77,255,164.0,13,0.00025908801020408165
IMG_20180705_130742988 resized_448.jpg,0,166.18393255739795,23.532316494801844,0.0,0.08769132653061225,73,255,163.0,15,0.00029894770408163266
IMG_20180705_130743321 resized_448.jpg,0,161.17478475765307,19.79879717590116,0.0,0.04350685586734694,83,254,159.0,14,0.00027901785714285713
IMG_20180705_130743653 resized_448.jpg,0,159.25954639668367,17.71098159128672,0.0,0.02188297193877551,88,252,158.0,0,0.0
IMG_20180705_130743987 resized_448.jpg,0,157.45083306760205,16.180960276507125,0.0,0.007932079081632654,81,250,157.0,49,0.0009765625
IMG_20180705_130744320 resized_448.jpg,0,157.21817203443877,16.598851059033287,0.0,0.008769132653061224,98,234,157.0,0,0.0
IMG_20180705_130744653 resized_448.jpg,0,157.99324378188774,17.998328422531426,0.0,0.018215880102040817,87,255,157.0,0,0.0
IMG_20180705_130744988 resized_448.jpg,0,163.0169602997449,25.98244836236723,0.0,0.07924107142857142,89,255,159.0,0,0.0
IMG_20180705_130745320 resized_448.jpg,0,155.96137595663265,15.901528249126363,0.0,0.00332828443877551,90,234,156.0,0,0.0
IMG_20180705_130745654 resized_448.jpg,0,157.4336535395408,16.033348445322435,0.0,0.005161830357142857,91,234,158.0,0,0.0
IMG_20180705_130745987 resized_448.jpg,0,156.81196189413265,16.22030306235899,0.0,0.009008290816326531,89,254,157.0,0,0.0
IMG_20180705_130746319 resized_448.jpg,0,166.4767617984694,26.490302130941064,0.0,0.08882732780612244,95,255,162.0,44,0.0008769132653061224
IMG_20180705_130746652 resized_448.jpg,0,157.76632254464286,15.750418288296238,0.0,0.003866390306122449,90,245,158.0,0,0.0
IMG_20180705_130746985 resized_448.jpg,0,158.47506776147958,17.34181238588862,0.0,0.011220503826530613,86,238,158.0,0,0.0
IMG_20180705_130747318 resized_448.jpg,0,158.2011120854592,14.951405113452791,0.0,0.0034279336734693877,89,224,159.0,0,0.0
IMG_20180705_130747652 resized_448.jpg,0,159.2257852359694,16.60473357563377,0.0,0.010243941326530613,94,236,159.0,0,0.0
IMG_20180705_130747985 resized_448.jpg,0,160.42637914540816,17.035384400680627,0.0,0.020228794642857144,91,247,160.0,0,0.0
IMG_20180705_130748317 resized_448.jpg,0,159.9893574617347,16.008578942135475,0.0,0.011818399234693877,93,251,160.0,18,0.0003587372448979592
IMG_20180705_130748649 resized_448.jpg,0,159.20360331632654,16.141500261820024,0.0,0.012057557397959183,95,247,159.0,0,0.0
IMG_8658 resized_448.jpg,0,153.08350605867346,29.578230065877868,0.0003985969387755102,0.036013233418367346,37,253,155.0,1955,0.038962850765306124
IMG_8659 resized_448.jpg,0,161.98770328443877,30.344707738347648,0.0004384566326530612,0.0826889349489796,36,254,165.0,1012,0.020169005102040817
IMG_8660 resized_448.jpg,0,150.7503587372449,32.455638690547424,0.0015943877551020409,0.048329878826530615,25,254,152.0,4625,0.09217554209183673
IMG_8661 resized_448.jpg,0,163.1917649872449,30.76131898927735,0.0002192283163265306,0.09357063137755102,27,253,166.0,501,0.009984853316326531
IMG_8662 resized_448.jpg,0,158.7772441007653,30.022239862247886,0.00025908801020408165,0.06016820790816327,37,253,162.0,133,0.002650669642857143
IMG_8663 resized_448.jpg,0,161.70053411989795,27.623552830002893,7.971938775510203e-05,0.058314732142857144,41,253,164.0,139,0.0027702487244897957
IMG_8664 resized_448.jpg,0,155.35407366071428,25.94774490601417,3.985969387755102e-05,0.03573421556122449,45,253,156.0,207,0.00412547831632653
IMG_8665 resized_448.jpg,0,157.2838209502551,24.972053538805774,0.00013950892857142856,0.03615274234693878,22,253,158.0,79,0.0015744579081632653
IMG_8666 resized_448.jpg,0,165.92247289540816,22.71712854390265,0.0,0.04731345663265306,64,254,167.0,56,0.0011160714285714285
IMG_8667 resized_448.jpg,0,164.90941884566325,27.83135657946273,0.00029894770408163266,0.08101482780612244,28,253,167.0,2604,0.05189732142857143
IMG_8668 resized_448.jpg,0,165.4044563137755,22.064115088907908,0.0,0.04569913903061224,57,252,166.0,63,0.0012555803571428572
IMG_8669 resized_448.jpg,0,165.57629145408163,21.466233623800544,1.992984693877551e-05,0.031728316326530615,47,253,168.0,41,0.000817123724489796
IMG_8670 resized_448.jpg,0,164.92169563137756,24.5255072335902,3.985969387755102e-05,0.0467155612244898,44,252,168.0,286,0.005699936224489796
IMG_8671 resized_448.jpg,0,162.96342873086735,29.75087887374735,0.0,0.08133370535714286,51,252,166.0,1792,0.03571428571428571
IMG_8672 resized_448.jpg,0,155.96215322066325,25.209776417655544,0.00029894770408163266,0.03130978954081633,31,251,157.0,874,0.017418686224489797
IMG_8673 resized_448.jpg,0,168.3270487882653,25.233749036347728,1.992984693877551e-05,0.10214046556122448,43,253,168.0,351,0.006995376275510204
IMG_8674 resized_448.jpg,0,168.1770567602041,26.927090087108898,1.992984693877551e-05,0.12358498086734694,40,251,169.0,146,0.0029097576530612247
IMG_8675 resized_448.jpg,0,171.6951132015306,26.54577723964691,3.985969387755102e-05,0.14319595025510204,48,252,173.0,169,0.0033681441326530613
IMG_8676 resized_448.jpg,0,152.0205676020408,32.32102800851665,0.00027901785714285713,0.0587531887755102,37,253,153.0,2009,0.0400390625
IMG_8677 resized_448.jpg,0,155.66932397959184,24.848408153129792,7.971938775510203e-05,0.03146922831632653,39,254,157.0,326,0.006497130102040816
IMG_8678 resized_448.jpg,0,154.21950733418367,27.218871307274558,0.0001992984693877551,0.035654496173469385,30,251,155.0,792,0.015784438775510203
IMG_8679 resized_448.jpg,0,151.96518255739795,28.740926562179208,0.0006377551020408163,0.03099091198979592,31,249,154.0,184,0.003667091836734694
IMG_8680 resized_448.jpg,0,160.78529575892858,25.97538111235287,7.971938775510203e-05,0.05901227678571429,35,251,161.0,51,0.001016422193877551
IMG_8681 resized_448.jpg,0,172.68979193239795,19.663388524936405,0.0,0.0667251275510204,69,253,174.0,65,0.001295440051020408
IMG_8682 resized_448.jpg,0,166.23820153061226,19.751443481354485,0.0,0.03724888392857143,77,251,166.0,118,0.00235172193877551
IMG_8683 resized_448.jpg,0,164.29621731505102,19.850808905406037,0.0,0.035235969387755105,76,248,164.0,38,0.0007573341836734694
IMG_8684 resized_448.jpg,0,146.8211296237245,29.206191587406202,0.001634247448979592,0.023955676020408163,27,251,150.0,839,0.016721141581632654
IMG_8685 resized_448.jpg,0,150.6400071747449,25.327991310911568,3.985969387755102e-05,0.02893813775510204,44,252,151.0,453,0.009028220663265306
IMG_8686 resized_448.jpg,0,146.12406329719389,29.03602340221282,1.992984693877551e-05,0.02002949617346939,46,251,148.0,689,0.013731664540816327
IMG_8687 resized_448.jpg,0,154.15377869897958,30.116394847181358,0.0,0.05313297193877551,50,252,156.0,747,0.014887595663265306
IMG_8688 resized_448.jpg,0,149.6505500637755,33.41687589472573,0.00013950892857142856,0.05474728954081633,28,253,151.0,5052,0.10068558673469388
IMG_8689 resized_448.jpg,0,131.4440369897959,36.82541602565974,0.00603874362244898,0.024613360969387755,20,252,132.0,10824,0.21572066326530612
IMG_8690 resized_448.jpg,0,149.61838329081633,31.803062206174783,0.0,0.04563934948979592,50,250,151.0,2467,0.04916693239795918
IMG_8691 resized_448.jpg,0,145.20463966836735,32.302919535063445,0.00031887755102040814,0.03471779336734694,42,251,147.0,2906,0.057916135204081634
IMG_8692 resized_448.jpg,0,144.1288066007653,33.13433052400697,0.00047831632653061223,0.038165656887755105,32,249,145.0,2822,0.05624202806122449
IMG_8693 resized_448.jpg,0,139.65168606505102,35.25859154884931,0.0003587372448979592,0.03356186224489796,42,250,141.0,3178,0.06333705357142858
IMG_8694 resized_448.jpg,0,135.82836415816325,35.477327154545534,0.0014548788265306123,0.026227678571428572,35,254,137.0,3201,0.0637954400510204
IMG_8695 resized_448.jpg,0,138.97829639668367,34.387851657424626,0.002272002551020408,0.028778698979591837,33,253,140.0,3068,0.06114477040816327
IMG_8696 resized_448.jpg,0,141.41659359056123,34.3376568219779,0.0009367028061224489,0.035813934948979595,39,252,143.0,2582,0.051458864795918366
IMG_8697 resized_448.jpg,0,147.10790019132654,34.35662421308473,0.00045838647959183676,0.05100047831632653,39,252,149.0,2234,0.04452327806122449
IMG_8698 resized_448.jpg,0,133.94357860331633,37.04681233291649,0.004583864795918368,0.03376116071428571,25,253,134.0,6103,0.12163185586734694
IMG_8699 resized_448.jpg,0,133.55508609693877,36.88092301046107,0.004902742346938775,0.030731823979591837,26,253,134.0,5862,0.11682876275510204
IMG_8700 resized_448.jpg,0,134.2275390625,36.19549616530118,0.005321269132653061,0.027881855867346938,26,252,135.0,4937,0.09839365433673469
IMG_8701 resized_448.jpg,0,140.55859375,35.989792736962265,0.0014349489795918368,0.04611766581632653,33,253,141.0,3589,0.07152822066326531
IMG_8702 resized_448.jpg,0,132.74162946428572,35.62121256394803,0.00390625,0.028997927295918366,25,252,132.0,2974,0.059271364795918366
IMG_8703 resized_448.jpg,0,128.67038026147958,34.970164664699425,0.005939094387755102,0.01877391581632653,27,252,128.0,2607,0.05195711096938776
IMG_8704 resized_448.jpg,0,139.9079041772959,39.107757309569486,0.0040058992346938774,0.056361607142857144,24,253,141.0,6704,0.13360969387755103
IMG_8705 resized_448.jpg,0,148.1685865752551,38.68840276997616,0.0010562818877551021,0.0909000318877551,33,252,149.0,4403,0.08775111607142858
IMG_8706 resized_448.jpg,0,146.46434550382654,31.094640028701985,9.964923469387755e-05,0.04235092474489796,46,254,146.0,722,0.014389349489795918
IMG_8707 resized_448.jpg,0,146.97237723214286,31.33451954079708,3.985969387755102e-05,0.04037786989795918,39,251,147.0,856,0.017059948979591837
IMG_8708 resized_448.jpg,0,145.15397799744898,31.99984752571735,7.971938775510203e-05,0.03910235969387755,42,252,146.0,1027,0.020467952806122448
IMG_8709 resized_448.jpg,0,149.03784677933675,30.965313953311714,0.0,0.04436383928571429,51,252,150.0,286,0.005699936224489796
IMG_8710 resized_448.jpg,0,146.83464205994898,33.07990077800309,0.00015943877551020407,0.0480110012755102,42,252,148.0,909,0.018116230867346938
IMG_8711 resized_448.jpg,0,147.01717952806123,33.08466607011409,0.0001793686224489796,0.04685507015306122,40,251,148.0,1136,0.02264030612244898
IMG_8712 resized_448.jpg,0,148.13731664540816,31.940433379104554,5.978954081632653e-05,0.04571906887755102,47,252,149.0,609,0.012137276785714286
IMG_8713 resized_448.jpg,0,150.25290975765307,32.073965288779156,9.964923469387755e-05,0.05426897321428571,42,253,151.0,534,0.010642538265306123
IMG_8714 resized_448.jpg,0,146.8320910395408,32.106644521488256,0.0002192283163265306,0.04233099489795918,42,251,148.0,538,0.010722257653061224
IMG_8715 resized_448.jpg,0,146.98419563137756,32.2746728176044,0.00025908801020408165,0.0439453125,43,252,148.0,651,0.012974330357142858
IMG_8716 resized_448.jpg,0,148.20304528061226,31.127869565478612,9.964923469387755e-05,0.04376594387755102,44,252,149.0,425,0.008470184948979591
IMG_8717 resized_448.jpg,0,150.38273278061226,30.990697151607037,1.992984693877551e-05,0.05084103954081633,46,253,151.0,590,0.01175860969387755
IMG_8718 resized_448.jpg,0,148.60760124362244,31.764204154910285,0.00025908801020408165,0.04534040178571429,44,249,149.0,901,0.017956792091836735
IMG_8719 resized_448.jpg,0,147.66838727678572,32.04957424337567,0.0001793686224489796,0.04276945153061224,43,251,149.0,668,0.01331313775510204
IMG_8720 resized_448.jpg,0,150.01554528061226,31.70077179583162,0.00013950892857142856,0.0498046875,46,251,151.0,605,0.012057557397959183
IMG_8721 resized_448.jpg,0,130.93893494897958,37.24917949566621,0.006138392857142857,0.02481265943877551,24,252,132.0,7730,0.1540577168367347
IMG_8722 resized_448.jpg,0,155.78850446428572,28.237239761890958,0.0,0.05112005739795918,58,252,157.0,108,0.002152423469387755
IMG_8723 resized_448.jpg,0,151.7937858737245,28.89137727647868,0.0,0.04027822066326531,53,251,153.0,244,0.004862882653061225
IMG_8724 resized_448.jpg,0,150.56206154336735,28.707338141331622,0.0,0.035853794642857144,51,251,151.0,133,0.002650669642857143
IMG_8725 resized_448.jpg,0,149.98722496811226,28.47841332893231,1.992984693877551e-05,0.033860809948979595,48,249,150.0,136,0.0027104591836734694
IMG_8726 resized_448.jpg,0,151.04593829719389,28.828208257935525,3.985969387755102e-05,0.03902264030612245,45,254,151.0,260,0.005181760204081632
IMG_8727 resized_448.jpg,0,149.57234534438774,28.91283859910296,3.985969387755102e-05,0.034060108418367346,45,252,150.0,226,0.0045041454081632655
IMG_8728 resized_448.jpg,0,150.5221022002551,28.78901159244243,0.0,0.03573421556122449,50,250,151.0,270,0.005381058673469388
IMG_8729 resized_448.jpg,0,151.84727758290816,28.54006324141166,1.992984693877551e-05,0.0411750637755102,49,251,152.0,257,0.005121970663265306
IMG_8730 resized_448.jpg,0,152.05676020408163,28.120535482863907,1.992984693877551e-05,0.03772720025510204,48,250,153.0,178,0.003547512755102041
IMG_8731 resized_448.jpg,0,151.96570073341837,28.244288541213823,1.992984693877551e-05,0.03904257015306122,49,254,152.0,212,0.0042251275510204085
IMG_8747 resized_448.jpg,0,162.61073022959184,27.27057109428773,0.0,0.07067123724489796,61,254,165.0,222,0.004424426020408163
IMG_8748 resized_448.jpg,0,148.12527901785714,26.775053866765514,0.00033880739795918367,0.04099569515306122,39,254,145.0,1520,0.030293367346938774
IMG_8749 resized_448.jpg,0,156.15860172193877,23.522578510162468,0.0,0.05307318239795918,69,253,153.0,480,0.009566326530612245
IMG_8750 resized_448.jpg,0,159.5471739477041,22.768682731558993,0.0,0.05901227678571429,74,254,156.0,694,0.013831313775510204
IMG_8751 resized_448.jpg,0,157.3788464604592,22.161984784484307,0.0,0.04641661352040816,71,253,155.0,524,0.010443239795918368
IMG_8752 resized_448.jpg,0,156.19162547831633,23.8332048662731,3.985969387755102e-05,0.05135921556122449,42,253,154.0,442,0.008808992346938776
IMG_8753 resized_448.jpg,0,158.28244579081633,25.788931361202255,0.0,0.06821986607142858,53,255,156.0,2121,0.042271205357142856
IMG_8754 resized_448.jpg,0,162.21071827168367,23.462871928434758,1.992984693877551e-05,0.07013313137755102,47,254,159.0,1185,0.02361686862244898
IMG_8755 resized_448.jpg,0,149.76325334821428,26.036930869501987,3.985969387755102e-05,0.04900749362244898,48,254,147.0,1643,0.03274473852040816
IMG_8756 resized_448.jpg,0,151.06544961734693,26.0381051804054,0.0,0.05297353316326531,54,253,147.0,3015,0.06008848852040816
IMG_8757 resized_448.jpg,0,150.4629902742347,26.750563719257503,1.992984693877551e-05,0.05825494260204082,47,254,147.0,3170,0.06317761479591837
IMG_8758 resized_448.jpg,0,155.40192522321428,24.383726432941412,0.0,0.05528539540816327,55,253,153.0,1793,0.03573421556122449
IMG_8759 resized_448.jpg,0,169.18120216836735,19.429659008653402,0.0,0.07079081632653061,94,254,167.0,144,0.0028698979591836736
IMG_8760 resized_448.jpg,0,169.5622010522959,18.882366466184184,0.0,0.06606744260204081,91,253,168.0,213,0.004245057397959184
IMG_8761 resized_448.jpg,0,169.0321667729592,19.920907505933105,0.0,0.07806521045918367,100,252,166.0,94,0.0018734056122448979
IMG_8762 resized_448.jpg,0,166.2040417729592,19.720504516776803,0.0,0.06441326530612244,96,252,163.0,133,0.002650669642857143
IMG_8763 resized_448.jpg,0,173.59396922831633,19.443815484633056,0.0,0.09765625,103,253,171.0,60,0.0011957908163265306
IMG_8764 resized_448.jpg,0,174.7335578762755,17.437849124705163,0.0,0.08288823341836735,103,252,173.0,86,0.0017139668367346938
IMG_8765 resized_448.jpg,0,170.63077965561226,17.25665345097612,0.0,0.061423788265306124,109,253,168.0,134,0.0026705994897959183
IMG_8766 resized_448.jpg,0,173.00890864158163,18.448451552178977,0.0,0.08131377551020408,108,254,170.0,109,0.0021723533163265306
IMG_8767 resized_448.jpg,0,170.05618223852042,19.340889483790217,0.0,0.0758529974489796,106,251,167.0,37,0.0007374043367346938
IMG_8768 resized_448.jpg,0,133.6448301977041,30.006901416710793,0.00029894770408163266,0.03045280612244898,37,253,130.0,3103,0.061842315051020405
IMG_8769 resized_448.jpg,0,131.7908561862245,28.825996649634707,3.985969387755102e-05,0.03063217474489796,33,254,126.0,3988,0.07948022959183673
IMG_8770 resized_448.jpg,0,143.0735012755102,27.025646732312318,0.0,0.03900271045918367,53,254,139.0,2531,0.05044244260204082
IMG_8771 resized_448.jpg,0,151.59761639030611,25.834757736983114,0.0,0.049685108418367346,71,254,148.0,2625,0.05231584821428571
IMG_8772 resized_448.jpg,0,158.4903340242347,28.327024318841524,0.0,0.08304767219387756,62,254,156.0,1534,0.030572385204081634
IMG_8773 resized_448.jpg,0,168.87769052933675,27.213466365932945,0.0,0.13600127551020408,71,255,166.0,1259,0.025091677295918366
IMG_8774 resized_448.jpg,0,168.18094308035714,20.947625586997884,0.0,0.0741390306122449,99,254,166.0,55,0.001096141581632653
IMG_8775 resized_448.jpg,0,170.9797512755102,19.78571500456093,0.0,0.07760682397959184,96,253,169.0,64,0.0012755102040816326
IMG_8776 resized_448.jpg,0,169.65202487244898,22.367255793720613,0.0,0.09442761479591837,60,254,167.0,448,0.008928571428571428
IMG_8777 resized_448.jpg,0,167.10546875,19.993930370531228,0.0,0.0450813137755102,69,252,167.0,18,0.0003587372448979592
IMG_8778 resized_448.jpg,0,165.2951809630102,19.320729763342452,0.0,0.04027822066326531,78,251,165.0,14,0.00027901785714285713
IMG_8779 resized_448.jpg,0,129.67065927933675,18.33976639277335,3.985969387755102e-05,0.00470344387755102,44,252,129.0,112,0.002232142857142857
IMG_8781 resized_448.jpg,0,171.94768415178572,19.582078082400752,0.0,0.07284359056122448,85,252,171.0,86,0.0017139668367346938
IMG_8784 resized_448.jpg,0,151.7205038265306,32.30863880536199,0.0,0.08808992346938775,61,254,148.0,4894,0.09753667091836735
IMG_8785 resized_448.jpg,0,156.77289939413265,28.26184085245796,0.0,0.07517538265306123,59,254,154.0,4061,0.08093510841836735
IMG_8786 resized_448.jpg,0,155.9704440369898,27.220012362838133,0.0001793686224489796,0.05779655612244898,42,254,155.0,2862,0.05703922193877551
IMG_8787 resized_448.jpg,0,159.63793447066325,17.412881822224662,0.0,0.019591039540816327,84,253,159.0,21,0.0004185267857142857
IMG_8788 resized_448.jpg,0,160.94437579719389,17.55364508734294,0.0,0.024553571428571428,86,249,160.0,61,0.0012157206632653062
IMG_8789 resized_448.jpg,0,167.53920200892858,18.163453716015095,0.0,0.04077646683673469,79,251,167.0,39,0.0007772640306122449
IMG_8790 resized_448.jpg,0,172.99754862882654,17.737084520876827,0.0,0.05668048469387755,85,249,173.0,34,0.0006776147959183673
IMG_8791 resized_448.jpg,0,172.2998046875,17.908027410987213,0.0,0.0576171875,96,250,172.0,53,0.0010562818877551021
IMG_8792 resized_448.jpg,0,167.92147640306123,18.141698532010626,0.0,0.04181281887755102,82,251,168.0,101,0.0020129145408163264
IMG_8793 resized_448.jpg,0,170.10672433035714,19.786829062205815,0.0,0.0587531887755102,76,251,171.0,149,0.002969547193877551
IMG_8794 resized_448.jpg,0,177.42761479591837,14.789031865109697,0.0,0.06226084183673469,79,250,177.0,35,0.0006975446428571429
IMG_8795 resized_448.jpg,0,180.9522082270408,14.307138925629182,0.0,0.08033721301020408,100,250,180.0,12,0.00023915816326530612
IMG_8796 resized_448.jpg,0,170.0383848852041,15.13635151716219,0.0,0.03549505739795918,106,249,169.0,12,0.00023915816326530612
IMG_8798 resized_448.jpg,0,169.14835778061226,17.380676713081286,0.0,0.03515625,87,247,169.0,0,0.0
IMG_8799 resized_448.jpg,0,162.94168526785714,17.745407889866307,0.0,0.021763392857142856,82,247,162.0,0,0.0
IMG_8800 resized_448.jpg,0,161.83348612882654,17.835687879345482,0.0,0.019670758928571428,84,251,161.0,0,0.0
IMG_8801 resized_448.jpg,0,166.21169483418367,16.676385373064377,0.0,0.027582908163265307,96,243,165.0,0,0.0
IMG_8802 resized_448.jpg,0,167.57049186862244,17.41473778501841,0.0,0.03627232142857143,93,248,167.0,0,0.0
IMG_8803 resized_448.jpg,0,164.68923389668367,17.294118073288853,0.0,0.024274553571428572,78,251,164.0,0,0.0
IMG_8804 resized_448.jpg,0,165.54611766581633,16.769740501949826,0.0,0.027881855867346938,93,248,165.0,0,0.0
IMG_8805 resized_448.jpg,0,173.06218112244898,16.475815219381865,0.0,0.0509406887755102,107,252,173.0,0,0.0
IMG_8806 resized_448.jpg,0,172.07746731505102,16.612176347257897,0.0,0.041314572704081634,101,252,172.0,0,0.0
IMG_8807 resized_448.jpg,0,171.0392617984694,17.141930926346365,0.0,0.04370615433673469,81,251,171.0,0,0.0
IMG_8808 resized_448.jpg,0,170.20388233418367,18.242175056927376,0.0,0.042271205357142856,78,249,171.0,78,0.0015545280612244898
IMG_8809 resized_448.jpg,0,166.48716517857142,17.140336341805433,0.0,0.023377710459183673,94,248,166.0,0,0.0
IMG_8810 resized_448.jpg,0,164.00247130102042,17.565602083211736,0.0,0.018534757653061226,91,245,164.0,0,0.0
IMG_8811 resized_448.jpg,0,165.70920360331633,17.8969455904396,0.0,0.026506696428571428,94,250,165.0,0,0.0
IMG_8812 resized_448.jpg,0,174.02397560586735,17.61189183487201,0.0,0.06529017857142858,101,250,174.0,0,0.0
IMG_8813 resized_448.jpg,0,172.5452208227041,17.25797552170608,0.0,0.05036272321428571,95,248,173.0,0,0.0
IMG_8814 resized_448.jpg,0,173.71819196428572,16.69373619572124,0.0,0.05807557397959184,109,252,173.0,0,0.0
IMG_8815 resized_448.jpg,0,160.83215082908163,17.048614634833132,0.0,0.014987244897959183,89,250,161.0,0,0.0
IMG_8816 resized_448.jpg,0,160.7091438137755,16.92328412383595,0.0,0.015625,83,250,160.0,0,0.0
IMG_8817 resized_448.jpg,0,161.2028659119898,16.870409917523432,0.0,0.014867665816326531,89,250,161.0,0,0.0
IMG_8818 resized_448.jpg,0,174.27038823341837,15.40853025387582,0.0,0.04765226403061224,105,253,174.0,12,0.00023915816326530612
IMG_8819 resized_448.jpg,0,177.1954719387755,15.78536886238841,0.0,0.07122927295918367,103,253,177.0,20,0.0003985969387755102
IMG_8820 resized_448.jpg,0,170.1812818877551,16.31101370630201,0.0,0.036611128826530615,93,252,170.0,12,0.00023915816326530612
IMG_8821 resized_448.jpg,0,170.2492825255102,16.4828501955643,0.0,0.039142219387755105,96,250,170.0,0,0.0
IMG_8822 resized_448.jpg,0,170.96133609693877,16.165690206738873,0.0,0.04107541454081633,98,251,170.0,0,0.0
IMG_8823 resized_448.jpg,0,170.85981345663265,16.701754980143022,0.0,0.043088329081632654,93,253,171.0,0,0.0
IMG_8824 resized_448.jpg,0,167.15262276785714,16.06759578233175,0.0,0.02610809948979592,94,250,167.0,0,0.0
IMG_8825 resized_448.jpg,0,165.19581074617346,16.268650477202684,0.0,0.02198262117346939,84,250,165.0,0,0.0
